{
  "nside": 256,
  "npix": 786432,
  "resolution_arcmin": 13.741945647269624,
  "gaussian_stats": {
    "mean": -1.0114560346441417e-08,
    "std": 0.00993180612059764,
    "min": -0.04551218091895759,
    "max": 0.046767370234362116
  },
  "lognormal_stats": {
    "mean": -1.0969413471658594e-07,
    "std": 0.00012951614417117992,
    "min": -9.8462324168525e-05,
    "max": 0.006627314053450049
  }
}